Liquefied?,Vertical effective Stress (kPa),Site amax (g),Magnitude,Fines content (%),CPT qc (MPa)
Yes,68,0.2,8.1,10,4.791462522
Yes,61,0.2,8.1,30,1.503689061
Yes,39,0.2,8.1,27,0.815850616
Yes,48,0.4,7,0,6.895031435
Yes,104,0.35,7,4,13.13587909
Yes,41,0.09,7.6,5,2.078628996
Yes,72,0.16,7.6,2,4.751130058
Yes,43,0.16,7.6,8,6.094884014
Yes,53,0.162,7.6,5,3.428382944
No,81,0.18,7.6,2,10.89400528
No,109,0.18,7.6,2,11.27793499
Yes,100,0.16,7.6,2,5.279033398
Yes,47,0.16,7.6,0,5.606632635
No,79,0.18,7.6,0,8.51923645
Yes,39,0.16,7.6,10,4.090272885
No,67,0.18,7.6,0,19.11613087
No,45,0.242,7.5,36,6.100504945
Yes,38,0.213,8.3,3,8.436612698
No,76,0.23,8.3,5,18.04923808
No,45,0.23,8.3,5,11.76012679
Yes,42,0.23,8.3,5,4.652919731
Yes,45,0.2,8.3,20,3.154788665
Yes,96,0.45,6.61,55,1.2625288
Yes,96,0.45,6.61,50,2.761526274
Yes,89,0.2,7,67,2.591061689
No,92,0.2,7,50,4.487148266
Yes,85,0.3,7,48,4.920377262
Yes,92,0.3,7,5,4.335726619
Yes,86,0.135,7.5,3,3.55726948
No,71,0.135,7.5,3,10.17379071
Yes,54,0.13,7.6,12,5.074058027
Yes,53,0.2,7.6,12,4.532805102
No,38,0.22,7.6,5,11.18166626
Yes,32,0.22,7.6,3,3.89525259
Yes,59,0.35,7.6,20,8.716971482
No,75,0.5,7.6,10,15.16522321
Yes,67,0.2,7.6,20,4.643745629
Yes,106,0.2,7.5,20,2.732185091
Yes,156,0.2,7.5,5,3.295969317
No,39,0.2,7.5,4,7.626517559
No,44,0.2,7.5,3,6.873660955
Yes,56,0.2,7.5,50,2.286110399
No,67,0.1,6.5,0,7.733774934
No,71,0.14,6.5,20,4.909102522
No,45,0.12,6.5,10,2.432438186
No,59,0.14,6.5,5,7.785180103
No,79,0.14,6.5,3,7.932382411
Yes,30,0.12,6.5,5,4.726352835
No,42,0.12,6.5,4,5.069128722
No,85,0.14,6.5,5,5.244898302
No,60,0.14,6.5,10,3.834823954
No,56,0.12,6.5,10,3.155353368
No,63,0.12,6.5,60,0.759616259
No,47,0.12,6.5,0,8.823302938
Yes,67,0.2,7.7,0,7.201028004
Yes,71,0.24,7.7,20,6.70663295
Yes,45,0.2,7.7,10,2.432438186
No,57,0.2,7.7,10,9.243265108
Yes,59,0.28,7.7,5,5.72890616
No,73,0.28,7.7,0,11.1397699
No,65,0.24,7.7,26,7.473147289
Yes,79,0.24,7.7,3,5.852963182
No,39,0.32,7.7,4,13.83449714
Yes,30,0.32,7.7,5,4.726352835
Yes,42,0.32,7.7,4,5.069128722
Yes,85,0.24,7.7,5,5.244898302
Yes,60,0.24,7.7,10,3.834823954
Yes,56,0.24,7.7,10,3.155353368
No,78,0.24,7.7,17,11.30786429
Yes,63,0.24,7.7,60,0.759616259
Yes,47,0.24,7.7,0,8.823302938
No,70,0.24,7.7,0,16.12869643
No,42,0.78,6.53,12,15.30793213
Yes,50,0.78,6.53,18,1.174418073
No,56,0.78,6.53,25,6.385342839
Yes,32,0.51,6.53,31,1.862870048
Yes,50,0.2,6.53,64,0.938803467
No,38,0.2,6.53,30,5.991185874
Yes,20,0.24,6.53,80,1.397693916
No,54,0.17,6.53,30,3.940136822
No,57,0.095,6,13,3.306929572
No,123,0.095,6,27,1.787233541
No,32,0.09,5.9,31,1.862870048
Yes,50,0.2,5.9,64,0.938803467
No,38,0.2,5.9,30,5.991185874
No,20,0.21,5.9,80,1.397693916
No,45,0.21,5.9,18,6.722374624
Yes,54,0.26,5.9,30,3.940136822
No,35,0.168,6.9,5,8.570957361
No,37,0.15,6.8,5,2.255533591
No,77,0.15,6.8,0,10.72384625
Yes,42,0.111,6.8,0,6.722036081
Yes,38,0.116,7.7,3,8.436612698
Yes,37,0.2,7.7,5,2.255533591
Yes,53,0.227,7.7,1,6.34024227
Yes,38,0.25,7.7,1,8.28321974
Yes,42,0.283,7.7,0,6.722036081
No,41,0.205,7.7,3,9.428053097
No,41,0.205,7.7,3,6.957600681
No,41,0.116,7.7,5,6.604678908
Yes,79,0.205,7.7,3,4.386313473
Yes,107,0.205,7.7,4,3.478800341
No,54,0.052,7.7,66,2.117530642
Yes,74,0.205,7.7,8,4.991322228
Yes,81,0.205,7.7,3,6.806348493
Yes,48,0.205,7.7,7,4.688817851
Yes,71,0.205,7.7,2,5.142574417
Yes,68,0.205,7.7,2,5.798000568
No,47,0.205,7.7,3,9.52888789
No,42,0.205,7.7,2,11.84808812
No,34,0.205,7.7,1,11.59600114
No,60,0.205,7.7,3,17.4444191
No,31,0.205,7.7,1,18.8056888
No,53,0.205,7.7,2,10.23473144
Yes,56,0.205,7.7,2,2.722539397
Yes,63,0.205,7.7,2,3.730887322
Yes,64,0.205,7.7,2,2.82337419
Yes,49,0.205,7.7,2,4.083809096
No,55,0.205,7.7,2,11.84808812
No,77,0.205,7.7,4,11.34391415
No,46,0.205,7.7,0,13.05810563
No,45,0.268,6.9,36,6.100504945
No,50,0.09,6.22,64,0.938803467
No,54,0.133,6.22,30,3.940136822
No,42,0.156,6.54,12,15.30793213
No,50,0.15,6.54,18,1.174418073
No,56,0.13,6.54,25,6.385342839
No,32,0.16,6.54,31,1.862870048
No,50,0.2,6.54,64,0.938803467
No,38,0.18,6.54,30,5.991185874
No,20,0.19,6.54,80,1.397693916
No,45,0.19,6.54,18,6.722374624
Yes,54,0.206,6.54,30,3.940136822
No,91,0.24,6.93,7,22.86388267
Yes,92,0.37,6.93,8,4.895103696
No,35,0.28,6.93,5,13.68818868
No,64,0.14,6.93,30,2.180464066
Yes,65,0.28,6.93,3,9.320046037
Yes,55,0.28,6.93,3,9.276047316
Yes,64,0.28,6.93,3,10.49752493
No,35,0.28,6.93,1,14.8174203
No,47,0.28,6.93,1,9.769007188
No,48,0.28,6.93,5,13.56026168
No,48,0.28,6.93,4,7.411357248
Yes,101,0.39,6.93,32,4.10952734
Yes,108,0.39,6.93,13,9.885110182
Yes,95,0.39,6.93,25,4.703138845
No,105,0.39,6.93,20,8.933682066
Yes,89,0.28,6.93,3,8.292631419
Yes,73,0.18,6.93,50,1.950941533
Yes,43,0.28,6.93,2,10.88524461
No,73,0.28,6.93,5,24.47401402
Yes,86,0.27,6.93,8,4.54109448
Yes,46,0.28,6.93,1,5.325481265
Yes,67,0.28,6.93,1,10.75157444
Yes,67,0.16,6.93,20,2.932896068
Yes,25,0.28,6.93,35,3.586828385
No,68,0.25,7.7,19,11.94981196
Yes,90,0.25,7.7,19,6.238857652
Yes,68,0.4,7.6,2,9.150673633
No,118,0.4,7.6,0,17.24120825
Yes,47,0.47,7.6,5,11.45457255
Yes,143,0.84,6.69,50,5.305129918
No,101,0.51,6.69,25,13.90762821
Yes,88,0.43,6.69,64,3.350334206
Yes,105,0.51,6.69,33,5.130233266
No,103,0.4,6.9,15,19.91487152
No,54,0.4,6.9,1,18.45276702
Yes,116,0.35,6.9,1,3.075461171
No,72,0.4,6.9,21,8.974296531
Yes,60,0.4,6.9,0,5.49549619
Yes,65,0.5,6.9,0,12.15059249
Yes,64,0.5,6.9,2,6.150922342
No,107,0.6,6.9,9,13.81436657
Yes,62,0.5,6.9,5,4.285478681
No,72,0.5,6.9,14,12.45309687
Yes,74,0.5,6.9,15,6.403009323
No,69,0.5,6.9,19,10.23473144
Yes,82,0.5,6.9,5,9.680140079
No,60,0.6,6.9,5,12.60434906
Yes,43,0.5,6.9,5,10.63807061
No,171,0.7,6.9,0,21.4778108
No,124,0.6,6.9,10,10.7389054
No,44,0.6,6.9,0,16.88982774
No,79,0.6,6.9,6,19.46111495
No,72,0.6,6.9,10,12.1001751
Yes,51,0.5,6.9,0,12.40267948
No,50,0.7,6.9,3,18.04942785
No,37,0.6,6.9,0,18.65443661
No,29,0.6,6.9,10,20.57029767
Yes,44,0.4,6.9,8,10.63807061
Yes,49,0.4,6.9,0,9.024713927
No,78,0.6,6.9,10,20.21737589
No,41,0.5,6.9,6,14.67146231
No,83,0.5,6.9,50,14.06645355
Yes,73,0.4,6.9,9,12.20100989
Yes,55,0.5,6.9,6,9.52888789
No,36,0.6,6.9,3,15.93189721
Yes,79,0.35,6.9,0,9.730557475
Yes,94,0.5,6.9,5,9.629722682
No,59,0.6,6.9,0,20.01570631
Yes,50,0.4,6.9,0,7.562609436
Yes,46,0.4,6.9,10,6.100504945
Yes,55,0.35,6.9,20,7.663444229
Yes,43,0.4,6.9,5,4.184643888
No,80,0.4,6.9,18,8.960073516
Yes,115,0.4,6.9,2,5.912147238
Yes,96,0.34,6.9,20,3.973407945
No,125,0.4,6.9,20,13.26417064
No,140,0.4,6.9,20,11.39433161
No,135,0.4,6.9,20,20.21763455
Yes,123,0.34,6.9,20,6.310706737
Yes,107,0.4,6.9,25,11.95242545
Yes,146,0.34,6.9,20,7.187193784
Yes,46,0.25,6.9,20,6.718769779
Yes,70.364,0.19,7.6,61.2,1.264597798
Yes,64.386,0.19,7.6,25.3,4.582650106
Yes,34.653,0.19,7.6,18,2.465399203
Yes,52.254,0.19,7.6,49,1.816170465
No,52.842,0.19,7.6,9,2.193773524
No,73.206,0.19,7.6,8,4.454172922
No,72.442,0.19,7.6,33,1.214915248
No,42.218,0.19,7.6,27,1.374795032
No,65.399,0.19,7.6,55,1.077141824
No,324.65,0.19,7.6,11,14.50345804
No,132.91936,0.19,7.6,24,4.799121271
Yes,30.178,0.19,7.6,47,1.109859533
Yes,18.9532,0.19,7.6,7,1.259053402
Yes,58.1924,0.19,7.6,57,1.942352001
Yes,36.6128,0.19,7.6,19,1.863058914
No,29.4784,0.19,7.6,38,1.214915248
Yes,60.87107,0.19,7.6,31,1.486268119
Yes,44.1784,0.19,7.6,15,3.429175764
Yes,33.6767,0.19,7.6,59,1.330430525
No,103.2136,0.19,7.6,15,2.218859283
No,84.721,0.19,7.6,18,5.992129038
Yes,79.03896,0.19,7.6,53,1.395071897
Yes,66.052,0.21,7.6,35,1.734720693
Yes,91.19292,0.19,7.6,15,8.062241123
Yes,38.9648,0.19,7.6,36,1.510520964
Yes,39.004,0.19,7.6,38,2.12324017
Yes,47.5496,0.19,7.6,30,1.698592136
Yes,41.8656,0.428,7.6,55,0.681858339
Yes,70.17584,0.428,7.6,47,2.219719066
Yes,88.6459,0.428,7.6,54,2.351991266
Yes,81.5997,0.428,7.6,22,8.152807456
Yes,97.2258,0.428,7.6,18,3.153096923
Yes,98.83,0.428,7.6,25,16.36343961
Yes,36.0402,0.428,7.6,22,2.794588371
Yes,119.81,0.428,7.6,21,4.864876373
No,121.8414,0.428,7.6,63,5.051702529
Yes,53.41,0.428,7.6,24,2.168400866
No,96.0449,0.428,7.6,55,4.439438131
Yes,81.05907,0.428,7.6,35,1.660415087
Yes,68.4138,0.428,7.6,30,3.91901938
Yes,33.2612,0.789,7.6,10,11.11915743
Yes,194.3572,0.789,7.6,51,8.548468008
No,22.932,0.789,7.6,76,1.051257699
Yes,24.108,0.789,7.6,55,1.037058311
Yes,69.0655,0.789,7.6,20,7.011896374
No,16.66,0.789,7.6,65,0.498911447
Yes,89.0428,0.789,7.6,15,4.504424176
Yes,51.2834,0.789,7.6,69,2.419714605
Yes,37.8035,0.789,7.6,45,2.616889736
Yes,168.221,0.789,7.6,43,10.12429374
Yes,20.1096,0.789,7.6,30,0.959824254
Yes,22.5792,0.789,7.6,21,5.352690967
Yes,53,0.789,7.6,14,6.554261512
Yes,49,0.162,7.6,3,3.98
Yes,40,0.162,7.6,5,3
No,61,0.162,7.6,5,12.4
Yes,35.3,0.16,7.5,2.5,3.14
Yes,51,0.16,7.5,2.5,1.57
Yes,56.9,0.16,7.5,2.5,7.06
Yes,81.4,0.16,7.5,2.5,5.49
Yes,61.8,0.16,7.5,2.5,5.34
Yes,78.5,0.16,7.5,2.5,7.8
Yes,117.1,0.16,7.5,2.5,9.51
No,45.1,0.16,7.5,2.5,7.85
No,49,0.16,7.5,2.5,14.27
Yes,50,0.6,7.2,18,2
Yes,24,0.3,7.2,16,0.8
Yes,166.1,0.5,6.4,62,6.37
Yes,182.6,0.5,6.4,50,6.86
No,212.5,0.5,6.4,18,11.77
No,218.5,0.5,6.4,52,19.32
No,227.5,0.5,6.4,68,21.57
Yes,119.7,0.5,6.4,64,3.14
Yes,138.9,0.5,6.4,71,0.69
No,154.2,0.5,6.4,49,1.77
No,161.7,0.5,6.4,38,9.81
No,170.7,0.5,6.4,49,8.73
No,182.7,0.5,6.4,56,5.39
No,202.1,0.5,6.4,51,9.32
Yes,86.8,0.5,6.4,74,0.69
No,131.7,0.5,6.4,61,7.06
No,146.7,0.5,6.4,46,10.79
No,152.7,0.5,6.4,52,13.73
No,178.2,0.5,6.4,56,8.83
No,190.2,0.5,6.4,47,6.86
Yes,95.8,0.5,6.4,52,1.96
Yes,103.3,0.5,6.4,65,0.69
No,146.7,0.5,6.4,52,0.69
No,155.7,0.5,6.4,55,1.96
No,166.2,0.5,6.4,38,4.9
No,175.2,0.5,6.4,54,9.81
No,190.2,0.5,6.4,64,15.69
Yes,119.7,0.5,6.4,61,1.96
Yes,130.2,0.5,6.4,43,1.96
No,154.2,0.5,6.4,25,20.6
Yes,50,0.15,7.3,72,0.65
Yes,41.2,0.15,7.3,42,0.53
Yes,80.9,0.15,7.3,61,1.2
Yes,85,0.64,7.6,5,6.4
No,49,0.64,7.6,4,12
Yes,36,0.64,7.6,6,7.6
Yes,55,0.64,7.6,41,4.2
Yes,72,0.64,7.6,3,10
No,50,0.64,7.6,10,8.5
Yes,57,0.64,7.6,4,6
Yes,24,0.61,7.6,9,3.8
Yes,60,0.58,7.6,5,11.3
No,89,0.26,7.6,2,15.5
Yes,39,0.25,7.6,5,4.1
No,58,0.25,7.6,5,10
Yes,27,0.25,7.6,5,4.5
No,78,0.2,7.6,2,14.18
Yes,48,0.18,7.6,5,3.3
No,86,0.16,7.6,2,6.6
Yes,38,0.12,7.6,75,1.8
Yes,20,0.12,7.6,75,1.38
Yes,38,0.12,7.6,75,0.97
Yes,41.2,0.4,7.8,13,1.67
Yes,67.7,0.4,7.8,13,9.22
Yes,83.4,0.4,7.8,13,5.59
Yes,90.2,0.4,7.8,13,7.45
Yes,16.7,0.4,7.8,13,1.47
Yes,20.6,0.4,7.8,13,0.98
Yes,24.5,0.4,7.8,13,4.9
Yes,33.3,0.4,7.8,13,2.45
Yes,42.2,0.4,7.8,13,2.55
Yes,51,0.4,7.8,13,3.14
Yes,56.9,0.4,7.8,13,5.69
Yes,72.6,0.4,7.8,13,3.43
Yes,100,0.4,7.8,13,8.24
Yes,28.4,0.4,7.8,13,1.67
Yes,28.4,0.4,7.8,13,3.43
Yes,34.3,0.4,7.8,13,4.02
Yes,26.5,0.4,7.8,13,5.39
Yes,39.2,0.4,7.8,13,8.83
Yes,20.6,0.4,7.8,13,6.86
Yes,25.5,0.4,7.8,13,1.16
Yes,32.4,0.4,7.8,13,4.16
No,69.6,0.4,7.8,13,11.25
No,108.9,0.4,7.8,13,15.46
No,54.9,0.2,7.8,13,11.17
No,63.7,0.2,7.8,13,11.89
No,73.5,0.2,7.8,13,17.42
Yes,76.5,0.2,7.8,13,1.62
Yes,81.4,0.2,7.8,13,3.58
Yes,24.5,0.2,7.8,13,1.01
Yes,36.3,0.2,7.8,13,4.9
Yes,46.1,0.2,7.8,13,2.85
Yes,59.8,0.2,7.8,13,5.94
No,21.6,0.2,7.8,13,12.98
No,25.5,0.2,7.8,13,12.81
No,29.4,0.2,7.8,13,16.27
No,57.9,0.2,7.8,13,10.39
No,59.8,0.2,7.8,13,8.94
No,65.7,0.2,7.8,13,11.07
Yes,40.2,0.2,7.8,13,1.9
Yes,43.1,0.2,7.8,13,4.9
Yes,46.1,0.2,7.8,13,2.2
Yes,48.1,0.2,7.8,13,2.6
Yes,34.3,0.2,7.8,13,4.31
Yes,38.2,0.2,7.8,13,2.94
Yes,79.4,0.2,7.8,13,8.83
Yes,53.9,0.1,7.8,13,1.96
Yes,51,0.2,7.8,13,1.08
No,103.9,0.1,7.8,13,15.2
No,107.9,0.1,7.8,13,6.37
No,52,0.1,7.8,13,8.83
No,56.9,0.1,7.8,13,2.45
No,61.8,0.1,7.8,13,16.18
No,66.7,0.1,7.8,13,13.39
No,77.5,0.1,7.8,13,13.85
No,100,0.1,7.8,13,18.57
Yes,43.1,0.2,7.8,13,3.45
Yes,50,0.2,7.8,13,2.68
Yes,49,0.2,7.8,13,3.23
Yes,51,0.2,7.8,13,4.04
Yes,55.9,0.2,7.8,13,2.88
Yes,51,0.2,7.8,13,2.94
Yes,66.7,0.2,7.8,13,5.74
Yes,77.6,0.2,7.8,13,8.83
Yes,47.1,0.2,7.8,13,1.84
Yes,62.8,0.2,7.8,13,2.5
Yes,63.7,0.2,7.8,13,4.41
Yes,77.5,0.2,7.8,13,4.16
No,75.5,0.2,7.8,13,7.85
No,57.2,0.2,7.8,13,8.31
No,110.6,0.2,7.8,13,4.46
No,120.4,0.2,7.8,13,5.68
Yes,54.3,0.2,7.8,13,2.43
Yes,55.3,0.2,7.8,13,1.54
Yes,101.8,0.2,7.8,13,1.42
Yes,104.6,0.2,7.8,13,2.11
Yes,109.7,0.2,7.8,13,2.55
Yes,101.8,0.2,7.8,13,2.68
Yes,104.6,0.2,7.8,13,1.75
No,106.5,0.2,7.8,13,7.49
Yes,73.07,0.64,7.5,8.7,5.86
Yes,80.84,0.53,7.5,9.5,4.09
No,61.11,0.64,7.5,9.6,5.6
No,40.99,0.64,7.5,8.09,10.41
No,65.54,0.64,7.5,9.83,10.18
Yes,60.38,0.64,7.5,4.38,9.61
Yes,83.95,0.64,7.5,3,5.2
Yes,66.95,0.64,7.5,2.5,8.49
No,46.8,0.64,7.5,8.3,11.74
No,88.12,0.64,7.5,5,5.5
Yes,26.56,0.61,7.5,3.8,3.43
Yes,41.37,0.58,7.5,13.05,2.06
Yes,75.51,0.58,7.5,8.03,12.27
Yes,26.58,0.54,7.5,12,8.92
Yes,30.57,0.27,7.5,3.01,8.95
No,98.26,0.26,7.5,10,10.78
No,97.4,0.27,7.5,7.64,4.64
Yes,122.66,0.27,7.5,4.5,4.46
Yes,47.1,0.22,7.2,13,5.12
Yes,53.9,0.22,7.2,13,3.66
Yes,62.8,0.22,7.2,13,3.05
Yes,71.6,0.22,7.2,13,1.29
Yes,80.4,0.22,7.2,13,5.12
No,44.5,0.6,6.6,17.5,19.9
Yes,44.5,0.6,6.6,17.5,1.8
No,44.5,0.6,6.6,40,7
Yes,13.9,0.2,6.6,50,2
Yes,31.6,0.2,6.6,20,4.9
Yes,41,0.51,6.53,20,3.22
Yes,49,0.2,6.53,64,1.4
Yes,43,0.19,6.33,8,3.1
Yes,43,0.19,6.33,51,1.7
Yes,46,0.19,6.33,52,1.9
Yes,38,0.19,6.33,32,3
No,41,0.09,5.9,20,3.22
Yes,49,0.2,5.9,64,1.4
No,39,0.2,5.9,18,6.4
Yes,54,0.26,5.9,30,5.33
Yes,23,0.17,7.7,5,2.2
Yes,49,0.17,7.7,5,2.1
No,47,0.17,7.7,5,3.9
No,47.1,0.23,7.7,13,9.81
No,53,0.23,7.7,13,15.69
No,63.7,0.23,7.7,13,15.08
Yes,45.1,0.23,7.7,13,1.76
Yes,51,0.23,7.7,13,4.02
Yes,65.7,0.23,7.7,13,7.8
Yes,73.5,0.23,7.7,13,8.8
Yes,38,0.3,6.88,2,4.91
Yes,29,0.5,6.88,20,5.69
Yes,51,0.5,6.88,30,7
Yes,124,0.5,6.88,20,8.19
Yes,35,0.37,6.6,35,6.73
Yes,79,0.4,6.6,30,2.31
No,51,0.4,6.6,15,7.53
Yes,71,0.39,6.6,5,5.95
Yes,29,0.43,6.6,1,3.34
No,25,0.37,6.6,1,9.2
Yes,54,0.28,6.6,1,6
Yes,94,0.31,6.6,5,7.2
Yes,60,0.27,6.6,1,5.99
Yes,84,0.42,6.6,5,7.51
No,72,0.41,6.6,5,7.91
Yes,41,0.44,6.6,5,3.6
Yes,22,0.44,6.6,5,3.61
Yes,56,0.26,6.6,5,3.98
No,51,0.27,6.6,5,3
No,80,0.26,6.6,5,13.62
Yes,57,0.27,6.6,10,4.3
No,49,0.09,6.22,64,1.4
No,54,0.133,6.22,30,5.33
No,49,0.2,6.54,64,1.4
No,39,0.18,6.54,18,6.4
Yes,54,0.206,6.54,30,5.33
No,43.1,0.25,5.9,15,4.26
No,53.1,0.25,5.9,15,4.91
Yes,63,0.25,5.9,15,2.76
No,72.8,0.25,5.9,15,5.71
No,82.6,0.25,5.9,15,6.51
No,92.4,0.25,5.9,15,7.77
No,102.2,0.25,5.9,15,7.77
Yes,47,0.28,6.93,1,4.75
Yes,50,0.28,6.93,1,9
No,63,0.28,6.93,1,16.3
Yes,38,0.28,6.93,2,7.7
Yes,24,0.28,6.93,4,3
No,43,0.28,6.93,4,10
Yes,60,0.28,6.93,4,9
No,78,0.28,6.93,1,19
No,37,0.28,6.93,4,8.7
No,32,0.28,6.93,4,10.4
No,73,0.28,6.93,1,18.2
No,47,0.28,6.93,1,15.5
No,59,0.28,6.93,1,13
No,73,0.28,6.93,1,9.2
No,48,0.28,6.93,4,12.4
No,44,0.28,6.93,4,8.77
Yes,31,0.28,6.93,4,2.5
No,38,0.28,6.93,4,10
Yes,53,0.28,6.93,15,6.2
Yes,53,0.28,6.93,15,4.3
Yes,67,0.28,6.93,10,4.1
Yes,60,0.28,6.93,10,4.9
Yes,36,0.28,6.93,5,6.6
Yes,26,0.28,6.93,5,3.1
Yes,28,0.28,6.93,15,3.1
Yes,37,0.28,6.93,3,5.1
Yes,43,0.28,6.93,3,7.8
Yes,120,0.28,6.93,30,4.6
Yes,87,0.28,6.93,30,4.3
Yes,89,0.28,6.93,30,4.3
Yes,107,0.28,6.93,27,3.8
Yes,52,0.28,6.93,3,8.2
Yes,73,0.28,6.93,3,1.9
Yes,47,0.26,6.93,23,1.8
Yes,45,0.26,6.93,5,2.1
Yes,97,0.36,6.93,27,3.57
Yes,100,0.36,6.93,13,7.8
Yes,99,0.36,6.93,25,4.73
No,102,0.36,6.93,20,6.8
Yes,111,0.36,6.93,4,11.07
Yes,116,0.36,6.93,7,9.4
Yes,105,0.36,6.93,11,7.75
No,67,0.22,6.93,12,3.45
Yes,43,0.22,6.93,11,2.47
Yes,59,0.22,6.93,10,4.5
No,53,0.22,6.93,12,6
Yes,58,0.22,6.93,9,5.2
Yes,39,0.22,6.93,24,2.5
Yes,73,0.21,6.93,10,4.2
Yes,93,0.21,6.93,5,8.5
Yes,72,0.22,6.93,4,7.8
No,79,0.38,6.93,9,7.73
Yes,91,0.38,6.93,18,5
Yes,128,0.4,6.93,12,7.6
No,115,0.4,6.93,15,14.4
Yes,124,0.13,6.93,13,4
No,86,0.13,6.93,30,3.8
No,58,0.26,6.93,15,4
No,43,0.26,6.93,42,2.17
Yes,113,0.34,6.93,18,4.4
Yes,112,0.33,6.93,13,5.13
Yes,79,0.38,6.93,18,5.6
Yes,38,0.47,6.93,15,4.8
No,57,0.13,6.93,14,3.6
No,52,0.13,6.93,10,4
No,120,0.12,6.93,7,4
No,123,0.12,6.93,9,5.6
Yes,59,0.24,6.93,4,6
No,102,0.24,6.93,10,10.5
Yes,84,0.28,6.93,3,5.5
Yes,70,0.18,6.93,52,1.9
Yes,84,0.28,6.93,8,5.2
Yes,95,0.28,6.93,12,8.1
Yes,59,0.16,6.93,20,4
No,84,0.24,7.1,5,16.75
No,63,0.24,7.1,3,9.75
No,88.5,0.24,7.1,2,19
No,67.2,0.24,7.1,4,13.94
No,78.9,0.24,7.1,3,18
No,100.1,0.24,7.1,4,13
Yes,59.1,0.24,7.1,5,3.35
Yes,83.6,0.24,7.1,21,0.75
Yes,81.8,0.24,7.1,3,1.2
No,117.1,0.24,7.1,6,5.5
Yes,36.4,0.14,7.1,22.5,1.3
Yes,39.5,0.14,7.1,22.5,1.5
No,51.8,0.14,7.1,22.5,2.5
Yes,66.2,0.16,7.1,57,1.7
Yes,66.2,0.16,7.1,57,1.9
Yes,66.2,0.16,7.1,57,1.5
Yes,87.1,0.29,7.1,7,4.7
Yes,100.6,0.29,7.1,12,10
Yes,100.6,0.29,7.1,13,9
Yes,100.6,0.29,7.1,13,5
Yes,100.6,0.29,7.1,13,9.4
Yes,91.2,0.29,7.1,2.5,11.7
Yes,82.4,0.29,7.1,3,8.7
Yes,84.6,0.29,7.1,5,6.5
No,113.3,0.29,7.1,2.5,4.545
Yes,73.6,0.29,7.1,2.5,4.545
Yes,78,0.29,7.1,2.5,1
Yes,50.5,0.27,7.1,10,4.545
Yes,50.5,0.27,7.1,10,4.545
Yes,50.5,0.27,7.1,10,5.3
Yes,50.5,0.3,7.1,10,6.1
Yes,46.1,0.3,7.1,15,4.545
Yes,147,0.84,6.69,50,7.6
Yes,66,0.8,6.69,20,8
Yes,76,0.37,6.9,2,7.5
No,125,0.65,6.9,13,17.87
Yes,50,0.5,6.9,20,4.59
No,68,0.7,6.9,0,14.04
Yes,54,0.6,6.9,0,10
No,58,0.5,6.9,13,12.83
Yes,75,0.6,6.9,41,2.32
Yes,57,0.6,6.9,25,5.02
Yes,57,0.6,6.9,15,3.79
Yes,60,0.45,6.9,28,4.28
Yes,76,0.45,6.9,70,2
Yes,55,0.65,6.9,0,8.8
No,21,0.65,6.9,0,7.9
Yes,61,0.6,6.9,7,6.21
Yes,53,0.45,6.9,48,2.3
Yes,69,0.6,6.9,28,4.02
Yes,69,0.6,6.9,26,4.79
No,51,0.65,6.9,0,12.68
Yes,62,0.4,6.9,36,2.48
No,41,0.6,6.9,0,11
Yes,47,0.45,6.9,30,2.5
Yes,64,0.5,6.9,31,2.96
No,62,0.5,6.9,31,12.8
Yes,19,0.37,7.51,5,0.94
Yes,25,0.37,7.51,16,1.28
Yes,29,0.4,7.51,12,1.14
Yes,41,0.37,7.51,9,5.4
Yes,63,0.4,7.51,35,6.2
Yes,37,0.4,7.51,35,2.9
Yes,32,0.4,7.51,65,1.25
Yes,25,0.4,7.51,2,2
Yes,26,0.4,7.51,42,3.32
Yes,23,0.4,7.51,65,2.49
Yes,37,0.4,7.51,15,2.6
Yes,34,0.4,7.51,12,7.11
No,50,0.4,7.51,12,7.8
Yes,51,0.3,7.51,11,5.23
Yes,31,0.38,7.62,38,2
Yes,40,0.38,7.62,60,1.1
Yes,72,0.38,7.62,65,2.72
Yes,36,0.6,7.62,35,3
Yes,51,0.6,7.62,14,3.5
Yes,46,0.25,7.62,45,3
Yes,50,0.25,7.62,54,2
Yes,41,0.25,7.62,27,2.7
Yes,69,0.25,7.62,30,3.8
Yes,79,0.25,7.62,61,2
Yes,61,0.25,7.62,32,3.4
No,61,0.187,7,4,3.7
Yes,61,0.347,6.2,4,3.7
No,48,0.183,7,7,6.9
Yes,48,0.396,6.2,7,6.9
Yes,80,0.167,7,4,7.37
Yes,80,0.323,6.2,4,7.37
No,64,0.219,7,0,12.09
Yes,64,0.46,6.2,0,12.09
Yes,48,0.199,7,24,2.8
Yes,48,0.382,6.2,24,2.8
Yes,58,0.237,7,3,8.21
No,58,0.188,6.2,3,8.21
Yes,50,0.227,7,8,3.78
Yes,50,0.183,6.2,8,3.78
Yes,25,0.239,7,9,2.89
No,25,0.186,6.2,9,2.89
Yes,42,0.234,7,2,7.75
No,42,0.187,6.2,2,7.75
Yes,50,0.216,7,0,9.33
No,50,0.186,6.2,0,9.33
Yes,74,0.231,7,3,7.85
Yes,30,0.181,6.2,22,2.51
Yes,35,0.231,7,5,4.17
Yes,35,0.182,6.2,5,4.17
Yes,29,0.204,7,20,2.39
Yes,29,0.186,6.2,20,2.39
Yes,34,0.211,7,10,3.9
Yes,34,0.186,6.2,10,3.9
Yes,53,0.211,7,6,4.59
Yes,53,0.172,6.2,6,4.59
Yes,36,0.224,7,8,3.52
Yes,36,0.177,6.2,8,3.52
Yes,50,0.17,7,9,5.37
Yes,50,0.351,6.2,9,5.37
Yes,70,0.17,7,12,4.86
Yes,70,0.354,6.2,12,4.86
Yes,101,0.168,7,11,6.02
Yes,101,0.346,6.2,11,6.02
No,60,0.183,7,7,2.38
Yes,60,0.339,6.2,7,2.38
Yes,70,0.217,7,26,5.15
Yes,70,0.455,6.2,26,5.15
No,34,0.21,7,11,6.42
Yes,34,0.447,6.2,11,6.42
No,38,0.214,7,16,4.7
Yes,38,0.451,6.2,16,4.7
No,40,0.215,7,18,4.12
Yes,40,0.45,6.2,18,4.12
Yes,27,0.219,7,39,2.3
Yes,27,0.453,6.2,39,2.3
No,53,0.17,9,3,10.1
No,60,0.18,9,5,6.6
Yes,71,0.21,9,15,6.7
Yes,93,0.22,9,2,9.5
No,102,0.169,9,11,8.3
Yes,36,0.199,9,25,3.4
Yes,71,0.256,9,66,2
Yes,98,0.16,5.9,9,1.977
Yes,96,0.16,5.9,21,2.904
Yes,69,0.16,5.9,12,1.883
Yes,52,0.16,5.9,24,1.452
Yes,40,0.16,5.9,30,1.161
Yes,90,0.16,5.9,20,3.629
Yes,63,0.16,5.9,23,2.129
Yes,47,0.16,5.9,31,1.292
No,27,0.16,5.9,27,1.087
Yes,33,0.16,5.9,21,1.298
Yes,92,0.16,5.9,15,2.227
No,32,0.16,5.9,27,1.125
No,32,0.16,5.9,32,2.782
No,123,0.16,5.9,26,2.904
No,55,0.16,5.9,27,1.925
No,36,0.16,5.9,26,2.032
Yes,92,0.16,5.9,29,1.507
Yes,62,0.16,5.9,14,1.381
Yes,35,0.16,5.9,26,1.936
Yes,33,0.16,5.9,25,1.065
No,51,0.16,5.9,25,1.452
No,84,0.16,5.9,30,3.097
No,98,0.08,5.8,9,1.977
No,96,0.08,5.8,21,2.904
No,69,0.08,5.8,12,1.883
No,52,0.08,5.8,24,1.452
No,40,0.08,5.8,30,1.161
No,90,0.08,5.8,20,3.629
No,63,0.08,5.8,23,2.129
No,47,0.08,5.8,31,1.292
No,27,0.08,5.8,27,1.087
No,33,0.08,5.8,21,1.298
No,92,0.08,5.8,15,2.227
No,32,0.08,5.8,27,1.125
No,32,0.08,5.8,32,2.782
No,123,0.08,5.8,26,2.904
No,55,0.08,5.8,27,1.925
No,36,0.08,5.8,26,2.032
No,92,0.08,5.8,29,1.507
No,62,0.08,5.8,14,1.381
No,35,0.08,5.8,26,1.936
No,33,0.08,5.8,25,1.065
No,51,0.08,5.8,25,1.452
No,84,0.08,5.8,30,3.097
